1,http://www.grc.nasa.gov/www/K-12/airplane/bernnew.html,20
3,http://hydrogen.physik.uni-wuppertal.de/hyperphysics/hyperphysics/hbase/hph.html%23hph,2
4,http://hep.phys.sfu.ca/d0/zyliu.page/hp_cn/index_trans.html,7
5,http://www.robemerydevelopments.com/GB/iOS_Apps.html,2
6,http://taste.merlot.org/catalog/awards/awards_2005.htm,13
7,http://itunes.apple.com/gb/app/hyperphysics/id437454530%3Fmt%3D8,12
8,http://hyperphysics.phy-astr.gsu.edu/hbasees/hph.html,2
9,http://www.scilinks.org/certificate.asp,4
11,http://www.psigate.ac.uk/newsite/,4
12,http://physicsworld.com/cws/article/print/38907,6
14,http://nerdydata.com/hyperphysics.phy-astr.gsu.edu,2
15,http://images.paypal.com/images/x-click-but02.gif,4
16,http://nerdydata.com/gold.php%3Ft%3DMTI3NjY%3D,2
31,http://www.daviddarling.info/encyclopedia/R/Reynolds_number.html,2
32,http://www.grc.nasa.gov/WWW/BGH/reynolds.html,2
37,http://www.solidrocklectures.org/attachments/Christian_Geologists_on_Noahs_Flood_Davidson_and_Wolgemuth.pdf,1
42,http://www.viscopedia.com/viscosity-tables/substances/water/,2
43,http://www.lmnoeng.com/Flow/GasViscosity.php,2
44,http://www.brookfieldengineering.com/education/what-is-viscosity.asp%3Fgclid%3DCKqetPifwcoCFdgDgQodRekKWQ,1
45,http://www.engineeringtoolbox.com/water-dynamic-kinematic-viscosity-d_596.html,1
47,http://math.ucr.edu/home/baez/virial.html,2
49,http://www.biology.arizona.edu,4
50,http://mathworld.wolfram.com/about.html,2
51,http://www.sosmath.com/home.html,2
52,http://hyperphysics.phy-astr.gsu.edu/hbase/hph.html,2
53,http://www.phy-astr.gsu.edu,4
54,http://hyperphysics.phy-astr.gsu.edu/hbase/sound/soucon.html%23soucon,2
57,http://hyperphysics.phy-astr.gsu.edu/hbase/sound/p2030.html,2
58,http://hyperphysics.phy-astr.gsu.edu/hbase/carcr.html%23cc1,4
60,http://hyperphysics.phy-astr.gsu.edu/hbase/electric/watcir.html%23c1,4
62,http://hyperphysics.phy-astr.gsu.edu/hbase/vision/eye.html%23c1,4
64,http://hyperphysics.phy-astr.gsu.edu/hbase/sound/ear.html%23c1,4
66,http://hyperphysics.phy-astr.gsu.edu/hbase/thermo/phase.html%23c1,4
68,http://hyperphysics.phy-astr.gsu.edu/hbase/solids/maglev.html%23c1,4
70,http://hyperphysics.phy-astr.gsu.edu/hbase/solar/solill.html%23c1,4
72,http://hyperphysics.phy-astr.gsu.edu/hbase/nucene/nucbin.html%23c5,4
74,http://hyperphysics.phy-astr.gsu.edu/hbase/astro/redshf.html%23c1,4
76,http://hyperphysics.phy-astr.gsu.edu/hbase/hyde.html%23c4,4
79,http://www.psigate.ac.uk,2
80,http://www.bibl.liu.se/kvartersbibl/kb/subjects/kbfysiklarande.htm,2
81,http://www.umanitoba.ca/libraries/units/engineering/newjune01.html,2
82,http://www.enviroliteracy.org/article.php/71.html,2
83,http://physicsweb.org/,2
86,http://pdg.lbl.gov/2010/tables/rpp2010-sum-quarks.pdf,2
87,http://www.fnal.gov/,4
88,http://www.ego-gw.it/virgodescription/pag_4.html,1
89,http://www.nobel.se/physics/laureates/2001/index.html,2
90,http://en.wikipedia.org/wiki/Cell_membrane,2
92,http://www.engineeringtoolbox.com/molecular-weight-gas-vapor-d_1156.html,1
93,http://www.webelements.com/webelements/index.html,2
94,http://www.americanelements.com/,2
95,https://en.wikipedia.org/wiki/Mean_free_path,1
96,https://en.wikipedia.org/wiki/Viscosity,1
98,http://www.practicallyscience.com/category/physics/spectroscopy/,1
99,http://scied.gsu.edu/Hanna/nsci/syllabus.htm,2
100,http://scied.gsu.edu/Hanna/nsci/syllabus2.htm,2
101,http://phynp6.phy-astr.gsu.edu/teach/np03/,2
102,http://www.georgiastandards.org/science.aspx,4
113,http://www.geo.arizona.edu/%7Ereiners/geos474-574/Kelley2002.pdf,1
115,http://physics.nist.gov/cuu/Constants/index.html,2
116,http://en.wikipedia.org/wiki/Electrical_resistivity_and_conductivity,1
117,http://cryogenics.nist.gov/NewFiles/Polyurethane.html,2
118,http://www.engineeringtoolbox.com/fluids-evaporation-latent-heat-d_147.html,1
119,http://www.color-theory-phenomena.nl/10.03.htm,1
121,http://www.rfcafe.com/references/general/velocity-sound-media.htm,1
123,http://pdg.lbl.gov/2002/contents_tables.html,14
125,http://physics.nist.gov/PhysRefData,2
127,https://en.wikipedia.org/wiki/Late_Heavy_Bombardment,1
128,http://www.mindat.org,2
129,http://ifcsun1.ifisiol.unam.mx/Brain/trnsmt.htm,2
130,http://en.wikipedia.org/wiki/Acetylcholine,1
140,http://www.google.com,2
141,http://www.atlasoftheuniverse.com/nearstar.html,2
143,http://www.cv.nrao.edu/course/astr534/CMB.html,1
145,http://space.gsfc.nasa.gov/astro/cobe/cobe_home.html,2
146,http://en.wikipedia.org/wiki/Liquid_metal_cooled_reactor,2
147,http://en.wikipedia.org/wiki/Superph%FFFFFF8Enix,2
148,https://en.wikipedia.org/wiki/Equinox,1
149,https://www-nds.iaea.org/wimsd/fpyield.htm%23T2,1
150,http://www.epa.gov/rpdweb00/radionuclides/cesium.html,2
151,http://en.wikipedia.org/wiki/Caesium-137,1
152,http://www.epa.gov/rpdweb00/radionuclides/strontium.html%23environment,3
153,http://en.wikipedia.org/wiki/Strontium-90,1
154,http://www.epa.gov/rpdweb00/radionuclides/iodine.html,1
155,http://en.wikipedia.org/wiki/Iodine-131,1
156,http://imagine.gsfc.nasa.gov/docs/science/know_l2/cosmic_rays.html,1
157,http://en.wikipedia.org/wiki/Alexander_Friedmann,1
158,http://en.wikipedia.org/wiki/Georges_Lemaitre,1
159,http://www.nature.com/nature/journal/v355/n6361/abs/355614a0.html,2
160,http://blackholes.stardate.org/directory/factsheet.php%3Fp%3DV404-Cygni,2
161,http://www.astro.caltech.edu/%7Egeorge/ay20/eaa-wimps-machos.pdf,1
162,https://en.wikipedia.org/wiki/Weakly_interacting_massive_particles,1
163,https://en.wikipedia.org/wiki/Massive_compact_halo_object,1
164,http://highered.mheducation.com/sites/007312387x/student_view0/perception5/weber_s_law__/index.html,1
165,http://en.wikipedia.org/wiki/DBm,1
166,http://www.rapidtables.com/electric/dBm.htm,1
167,http://www.healthline.com/health/copd,1
168,http://photojournal.jpl.nasa.gov/catalog/PIA12753,1
169,http://saturn.jpl.nasa.gov/science/moons/enceladus/,1
170,http://saturn.jpl.nasa.gov/home/index.cfm,2
171,http://ciclops.org,2
172,http://solarsystem.nasa.gov/planets/profile.cfm%3FObject%3DEnceladus,1
173,http://www.cru.uea.ac.uk/cru/info/warming/,4
174,http://www.ncdc.noaa.gov/gcag/gcag.html,2
175,http://stephenschneider.stanford.edu/Climate/ClimateFrameset.html,4
177,https://www.nist.gov/pml/radionuclide-half-life-measurements-data,1
178,http://www.phdcomics.com/higgs/,1
180,http://www.numbertheory.org/book/,2
181,http://en.wikipedia.org/wiki/Compression_driver,1
182,http://en.wikipedia.org/wiki/Horn_loudspeaker,1
183,http://www.ethbib.ethz.ch/exhibit/pauli/neutrino_e.html,2
184,http://en.wikipedia.org/wiki/Wolfgang_Pauli,1
185,http://en.wikipedia.org/wiki/PSR_B1257%252B12,1
186,http://www.mindat.org/loc-387.html,1
187,http://geology.com/rocks/pegmatite.shtml,2
188,http://en.wikipedia.org/wiki/Snellen_chart,2
190,http://images.ksc.nasa.gov/photos/2000/captions/KSC-00PD-5028.html,1
191,http://grin.hq.nasa.gov/ABSTRACTS/GPN-2000-000650.html,2
192,http://en.wikipedia.org/wiki/Seismic_wave,2
193,http://antwrp.gsfc.nasa.gov/apod/ap000130.html,2
194,http://map.gsfc.nasa.gov/m_uni/uni_101mw.html,2
195,http://www.noao.edu/image_gallery/html/im0781.html,4
198,http://en.wikipedia.org/wiki/Yellowcake,6
199,http://www.windows.ucar.edu/tour/link%3D/earth/Water/dissolved_salts.html,1
200,http://www.nasa.gov/missions/current/index.html%23.VFwB6ShQM5s,4
202,http://personal.cha.bellsouth.net/cha/j/o/johngd/files/rv/gfi.pdf,2
203,http://www.summit.com/site+map/search.htm,2
204,http://www.radioworld.com/article/at-rf-it%FFFFFFD5s-only-skin-deep/213989,1
205,http://ecee.colorado.edu/%7Eecen3400/Chapter%252020%2520-%2520The%2520Skin%2520Effect.pdf,1
206,https://www.ligo.caltech.edu/image/ligo20160211a,2
207,https://www.ligo.caltech.edu/news/ligo20160211,4
210,https://www.ligo.caltech.edu/system/media_files/binaries/303/original/ligo-educators-guide.pdf%3F1455165573,4
214,http://www.slac.stanford.edu/,2
215,http://www.bnl.gov/,2
216,http://www.bnl.gov/bnlweb/facilities/RHIC.html,2
217,http://www.bnl.gov/bnlweb/facilities/TVdG.html,2
219,http://www-cdf.fnal.gov/,2
220,http://www-d0.fnal.gov/,2
221,http://www.lbl.gov/abc/cosmic/SKliewer/Cosmic_Rays/Muons.htm,2
223,http://public.web.cern.ch/Public/,6
224,http://public.web.cern.ch/public/en/LHC/ATLAS-en.html,1
225,http://public.web.cern.ch/public/en/LHC/CMS-en.html,1
226,http://public.web.cern.ch/public/en/LHC/ALICE-en.html,1
227,http://public.web.cern.ch/public/en/LHC/LHCb-en.html,1
228,http://public.web.cern.ch/public/en/LHC/TOTEM-en.html,1
229,http://public.web.cern.ch/public/en/LHC/LHCf-en.html,1
232,http://cdsweb.cern.ch/%3Fln%3Den,1
233,http://en.wikipedia.org/wiki/Large_Hadron_Collider,1
236,http://www.nsf.gov/news/news_summ.jsp%3Fcntn_id%3D103042,1
239,https://www.ligo.caltech.edu/video/ligo20160211v6,1
241,http://dx.doi.org/10.1098/rspa.1940.0044,2
242,http://www.shef.ac.uk/uni/academic/N-Q/phys/teaching/phy303/phy303-3.html,2
243,http://en.wikipedia.org/wiki/James_Clerk_Maxwell,1
244,http://en.wikipedia.org/wiki/Oxidative_phosphorylation,2
246,http://en.wikipedia.org/wiki/Nicotinamide_adenine_dinucleotide,2
247,http://en.wikipedia.org/wiki/Cytochrome_c,1
248,http://en.wikipedia.org/wiki/Protein_structure,1
249,http://www.spitzer.caltech.edu/about/index.shtml,2
250,http://chandra.harvard.edu/,2
251,http://map.gsfc.nasa.gov,3
252,http://www.ThePrintShopAtlanta.com,2
254,http://www.mindat.org/min-1804.htmll,1
255,http://www.mindat.org/min-6728.html,1
256,http://www.mindat.org/min-2815.html,1
257,http://www.mindat.org/min-9264.html,1
258,http://www.mindat.org/min-3026.html,1
259,http://www.mindat.org/min-2774.html,1
260,http://www.mindat.org/min-1784.html,1
261,http://www.mindat.org/min-1651.html,1
262,http://www.minsocam.org/msa/collectors_corner/faq/faqquartz.htm%23AM,2
264,http://www.mindat.org/min-3875.html,1
265,http://www.mindat.org/min-3826.html,1
266,http://www.mindat.org/min-1641.html,1
267,http://www.mindat.org/min-1930.html,1
268,http://www.mindat.org/min-2538.html,1
269,http://www.mindat.org/min-3314.html,1
270,http://www.mindat.org/min-1856.html,1
271,http://en.wikipedia.org/wiki/Amino_acid,1
272,http://en.wikipedia.org/wiki/Sodium_bisulfate+,2
273,http://en.wikipedia.org/wiki/Tidal_bore,1
274,http://education.nationalgeographic.com/education/encyclopedia/tidal-bore/%3Far_a%3D1,1
275,http://superconductors.org,2
276,http://www.datasheets360.com/,1
277,http://www.optics.arizona.edu/Palmer/rpfaq/rpfaq.htm,1
278,http://www.intl-lighttech.com/services/light-measurement-handbook,1
279,http://www.123guitartuner.com/,1
280,http://sprott.physics.wisc.edu/wop.htm,2
281,http://www.phys.unsw.edu.au/jw/brassacoustics.html%23mouthpiece,2
282,http://www.phys.unsw.edu.au/jw/formant.html,2
283,http://meteor.uwo.ca/research/infrasound/is_whatisIS.html,1
284,http://curator.jsc.nasa.gov/lunar/catalogs/apollo17/v1/72417.pdf,2
285,http://www.lpi.usra.edu/lunar/samples/atlas/detail/%3Fmission%3DApollo%252017%26sample%3D72417,2
286,http://en.wikipedia.org/wiki/Dunite,1
287,http://famousdiamonds.tripod.com/victoriatransvaaldiamond.html,1
288,http://www.si.edu/encyclopedia_si/nmnh/hope.htm,1
289,http://www.mindat.org/min-1282.html,1
290,http://www.mindat.org/min-3529.html,1
291,http://www.mindat.org/min-3996.html,1
292,http://www.mindat.org/min-1576.html,1
293,https://pubs.usgs.gov/bul/1331b/report.pdf,1
294,https://en.wikipedia.org/wiki/Geology_of_the_Bryce_Canyon_area,2
296,http://www.wow.com/wiki/Wahweap_Formation,1
297,https://www.nps.gov/grca/learn/education/upload/GeoArticle-11-1-11-2.pdf,1
298,http://www.nature.nps.gov/Geology/parks/grca/age/index.cfm,1
299,https://www.classzone.com/books/earth_science/terc/content/investigations/es2906/es2906page05.cfm%3Fchapter_no%3Dinvestigation,1
300,http://www.bobspixels.com/kaibab.org/geology/gc_layer.htm,2
302,http://pubs.usgs.gov/gip/dynamic/dynamic.html,3
303,http://library.thinkquest.org/C004535/prokaryotic_cells.html,3
304,http://co.essortment.com/archaebacteriae_rmkr.htm,7
306,http://www.mindat.org/min-1720.html,1
307,http://www.mindat.org/min-3664.html,1
308,http://www.mindat.org/min-1209.html,1
309,http://www.mindat.org/min-10.html,2
310,http://www.mindat.org/min-18.html,1
311,http://www.mindat.org/min-21.html,1
312,http://www.mindat.org/min-31.html,1
313,http://www.mindat.org/min-39.html,1
314,http://www.mindat.org/min-89.html,1
315,http://www.mindat.org/min-96.html,2
316,http://www.mindat.org/min-109.html,2
317,http://www.mindat.org/min-125.html,1
318,http://www.mindat.org/min-452.html,1
319,http://www.mindat.org/min-146.html,1
320,http://www.mindat.org/min-189.html,1
322,http://www.mindat.org/min-213.html,1
323,http://www.mindat.org/min-217.html,1
324,http://www.mindat.org/min-220.html,1
325,http://www.mindat.org/min-222.html,1
326,http://www.mindat.org/min-3725.html,1
327,http://www.mindat.org/min-1755.html,1
328,http://www.mindat.org/min-223.html,1
329,http://www.mindat.org/min-246.html,1
330,http://www.mindat.org/min-233.html,1
332,http://www.mindat.org/min-1960.html,1
333,http://www.mindat.org/min-2308.html,1
335,http://www.mindat.org/min-2573.html,1
336,http://www.mindat.org/min-260.html,1
337,http://www.mindat.org/min-262.html,1
338,http://www.mindat.org/min-268.html,6
339,http://www.mindat.org/min-280.html,1
340,http://www.mindat.org/min-283.html,1
341,http://www.mindat.org/min-289.html,1
342,http://www.mindat.org/min-307.html,1
343,http://www.mindat.org/min-322.html,1
344,http://www.mindat.org/min-29373.html,1
345,http://www.mindat.org/min-357.html,1
346,http://www.mindat.org/min-305.html,1
347,http://www.mindat.org/min-377.html,1
348,http://www.mindat.org/min-405.html,1
349,http://www.mindat.org/min-406.html,1
350,http://www.mindat.org/min-419.html,1
351,http://www.mindat.org/min-439.html,1
352,http://www.mindat.org/min-447.html,1
353,http://www.mindat.org/min-478.html,1
354,http://www.mindat.org/min-509.htmll,1
355,http://www.mindat.org/min-4723.html,1
356,http://www.mindat.org/min-4749.html,1
357,http://www.mindat.org/min-581.html,1
358,http://www.mindat.org/min-597.html,1
359,http://www.mindat.org/min-624.html,1
360,http://www.mindat.org/min-626.html,4
361,http://www.mindat.org/min-640.html,1
362,http://www.mindat.org/min-642.html,1
363,http://www.mindat.org/min-819.html,1
364,http://www.mindat.org/min-644.htmll,1
365,http://www.mindat.org/min-650.html,1
366,http://www.mindat.org/min-652.html,1
367,http://www.mindat.org/min-670.html,1
368,http://www.mindat.org/min-677.html,1
369,http://www.mindat.org/min-680.html,1
370,http://www.mindat.org/min-684.html,1
371,http://www.mindat.org/min-686.html,1
372,http://www.mindat.org/min-30633.html,1
373,http://www.mindat.org/min-691.html,1
374,http://www.mindat.org/min-712.html,1
375,http://www.mindat.org/min-716.html,1
376,http://www.mindat.org/min-721.html,1
377,http://www.mindat.org/min-722.html,1
378,http://www.mindat.org/min-727.html,1
379,http://www.mindat.org/min-738.html,1
380,http://www.mindat.org/min-741.html,1
381,http://www.mindat.org/min-760.html,1
382,http://www.mindat.org/min-766.html,1
383,http://www.mindat.org/min-779.html,1
384,http://www.mindat.org/min-783.html,1
385,http://www.mindat.org/min-787.html,1
386,http://www.mindat.org/min-820.html,1
387,http://www.mindat.org/min-818.html,1
388,http://www.mindat.org/min-809.html,1
389,http://www.mindat.org/min-849.html,1
390,http://www.mindat.org/min-852.html,1
391,http://www.mindat.org/min-865.html,1
392,http://www.mindat.org/min-868.html,1
393,http://www.mindat.org/min-880.html,1
394,http://www.mindat.org/min-898.html,1
395,http://www.mindat.org/gallery.php%3Fmin%3D911,1
396,http://www.mindat.org/min-917.html,1
397,http://www.mindat.org/min-919.html,1
398,http://www.mindat.org/min-921.html,1
399,http://www.mindat.org/min-927.html,1
400,http://www.mindat.org/min-934.html,1
401,http://www.mindat.org/min-962.html,1
402,http://www.mindat.org/min-947.html,1
404,http://www.mindat.org/min-955.html,1
405,http://www.mindat.org/min-945.html,1
406,http://www.mindat.org/min-983.html,1
407,http://www.mindat.org/min-971.htmll,1
408,http://www.mindat.org/min-972.html,1
409,http://www.mindat.org/min-1003.html,1
410,http://www.mindat.org/min-1013.html,1
411,http://www.mindat.org/min-1014.html,1
412,http://www.mindat.org/min-1016.html,1
413,http://www.mindat.org/min-1027.html,2
414,http://www.mindat.org/min-1036.html,1
415,http://www.mindat.org/min-1039.html,1
416,http://www.mindat.org/min-4011.html,1
417,http://www.mindat.org/min-3418.html,1
418,http://www.mindat.org/min-975.html,1
419,http://www.mindat.org/min-1758.html,1
420,http://www.mindat.org/min-1052.html,1
421,http://www.mindat.org/min-1061.html,1
422,http://www.mindat.org/min-1070.html,1
423,http://www.mindat.org/min-1055.html,1
424,http://www.mindat.org/min-1088.html,1
425,http://www.mindat.org/min-1093.html,1
426,http://www.mindat.org/min-1108.html,1
428,http://www.mindat.org/min-1112.html,1
429,http://www.mindat.org/min-1120.html,1
430,http://www.mindat.org/min-1121.html,1
431,http://www.mindat.org/min-1128.html,1
432,http://www.mindat.org/min-1131.html,1
433,http://www.mindat.org/min-1136.html,1
434,http://www.mindat.org/min-1144.html,1
435,http://www.mindat.org/min-1151.html,1
436,http://www.mindat.org/min-8996.html,1
437,http://www.mindat.org/min-1157.html,1
438,http://www.mindat.org/min-1158.html,1
439,http://www.mindat.org/min-1161.html,1
440,http://www.mindat.org/min-1168.html,1
441,http://www.mindat.org/min-6894.html,1
442,http://www.mindat.org/min-1172.html,1
443,http://www.mindat.org/min-1197.html,1
444,http://www.mindat.org/min-1203.html,1
445,http://www.mindat.org/min-1204.html,1
446,http://www.mindat.org/min-1218.html,1
447,http://www.mindat.org/min-1340.html,1
448,http://www.mindat.org/min-1248.html,1
449,http://www.mindat.org/min-1267.html,1
450,http://www.mindat.org/min-1270.html,1
451,http://www.mindat.org/min-1276.html,1
452,http://www.mindat.org/min-1285.html,1
453,http://www.mindat.org/min-1291.html,1
454,http://www.mindat.org/min-1294.html,1
455,http://www.mindat.org/min-1295.html,1
456,http://www.mindat.org/min-1304.html,1
457,http://www.mindat.org/min-1318.html,1
458,http://www.mindat.org/min-1324.html,1
459,http://www.mindat.org/min-1325.html,1
460,http://www.mindat.org/min-1329.html,1
461,http://www.mindat.org/min-1342.html,1
462,http://www.mindat.org/min-1351.html,1
463,http://www.mindat.org/min-1370.html,2
464,http://www.mindat.org/min-1364.html,1
466,http://www.mindat.org/min-1375.html,1
467,http://www.mindat.org/min-1378.html,1
468,http://www.mindat.org/min-1380.html,1
469,http://www.mindat.org/min-1384.html,1
470,http://www.mindat.org/min-1386.html,1
471,http://www.mindat.org/min-1388.html,1
472,http://www.mindat.org/min-1389.html,1
473,http://www.mindat.org/min-1407.html,1
474,http://www.mindat.org/min-1418.html,1
475,http://www.mindat.org/min-1420.html,1
476,http://www.mindat.org/min-1425.html,1
477,http://www.mindat.org/min-1443.html,1
478,http://www.mindat.org/min-1476.html,1
479,http://www.mindat.org/min-1459.html,1
480,http://www.mindat.org/min-1572.html,1
481,http://www.mindat.org/min-35595.html,1
482,http://www.mindat.org/min-1584.html,1
483,http://www.mindat.org/min-1589.html,1
484,http://www.mindat.org/min-1592.html,1
485,http://www.mindat.org/min-1598.html,1
486,http://www.mindat.org/min-1628.html,1
487,http://www.mindat.org/min-1632.html,1
488,http://www.mindat.org/min-1681.html,1
489,http://www.mindat.org/min-1683.html,1
490,http://www.mindat.org/min-1709.html,1
491,http://www.mindat.org/min-1704.html,1
492,http://www.mindat.org/min-1714.html,1
493,http://www.mindat.org/min-1719.html,1
494,http://www.mindat.org/min-7555.html,1
496,http://www.mindat.org/min-1740.html,1
497,http://www.mindat.org/min-1741.html,1
498,http://www.mindat.org/gallery.php%3Fcform_is_valid%3D1%26loc%3D3215%26min%3D3337%26cf_pager_page%3D6,1
499,http://www.mindat.org/min-1785.html,1
500,http://www.mindat.org/min-1811.html,1
501,http://www.mindat.org/min-1815.html,1
502,http://www.mindat.org/min-1818.html,1
503,http://www.mindat.org/min-1832.html,1
504,http://www.mindat.org/min-1833.html,1
505,http://www.mindat.org/min-1842.html,1
506,http://www.mindat.org/min-6727.html,1
507,http://www.mindat.org/min-1855.html,1
508,http://www.mindat.org/min-1860.html,1
509,http://www.mindat.org/min-1876.html,1
510,http://www.mindat.org/min-1962.html,1
511,http://www.mindat.org/min-1881.html,1
512,http://www.mindat.org/min-1883.html,1
513,http://www.mindat.org/min-1889.html,1
514,http://www.mindat.org/min-3120.html,1
515,http://www.mindat.org/min-560.html,1
516,http://www.mindat.org/min-1897.html,1
517,http://www.mindat.org/min-1913.html,1
518,http://www.mindat.org/min-1921.html,1
519,http://www.mindat.org/min-1936.html,1
520,http://www.mindat.org/min-1940.html,1
521,http://www.mindat.org/min-1943.html,1
522,http://www.mindat.org/min-1952.html,1
523,http://www.mindat.org/min-1954.html,1
524,http://www.mindat.org/min-2013.html,1
525,http://www.mindat.org/min-2016.html,1
526,http://www.mindat.org/min-2025.html,1
527,http://www.mindat.org/min-2031.html,1
528,http://www.mindat.org/min-2036.html,1
529,http://www.mindat.org/min-2047.html,1
530,http://www.mindat.org/min-2072.html,1
531,http://www.mindat.org/min-2078.html,1
532,http://www.mindat.org/min-2090.html,1
533,http://www.mindat.org/min-2099.html,1
534,http://www.mindat.org/min-2883.html,1
535,http://www.mindat.org/min-2113.html,1
536,http://www.mindat.org/min-2165.html,2
537,http://www.mindat.org/min-2187.html,1
539,http://www.mindat.org/loc-28944.html,1
540,http://en.wikipedia.org/wiki/Kimberlite,1
541,http://www.mindat.org/min-2225.html,1
542,http://www.mindat.org/min-2254.html,1
544,http://www.mindat.org/min-2274.html,1
545,http://www.mindat.org/min-2277.html,1
546,http://www.mindat.org/min-2285.html,1
547,http://www.mindat.org/min-2295.html,1
548,http://www.mindat.org/min-2316.html,1
549,http://www.mindat.org/min-2319.html,1
550,http://www.mindat.org/min-2340.html,1
551,http://www.mindat.org/min-2343.html,1
552,http://www.mindat.org/min-2353.html,1
553,http://www.mindat.org/min-2356.html,1
554,http://www.mindat.org/min-2357.html,1
555,http://www.mindat.org/min-2358.html,1
556,http://www.mindat.org/min-2361.html,1
557,http://www.mindat.org/min-2365.html,1
558,http://www.mindat.org/min-2379.html,1
559,http://www.mindat.org/min-2380.html,1
560,http://www.mindat.org/min-2465.html,1
561,http://www.mindat.org/min-2383.html,1
562,http://www.mindat.org/min-2384.html,1
563,http://www.mindat.org/min-2394.html,1
564,http://www.mindat.org/min-2409.html,1
565,http://www.mindat.org/min-2413.html,1
566,http://www.mindat.org/min-2426.html,1
567,http://www.mindat.org/min-2452.html,1
568,http://www.mindat.org/min-2453.html,1
569,http://www.mindat.org/min-2482.html,1
570,http://www.mindat.org/min-2550.html,2
572,http://www.mindat.org/min-35862.html,1
573,http://www.mindat.org/min-29864.html,1
574,http://www.mindat.org/min-2519.html,1
575,http://www.mindat.org/min-35836.html,1
576,http://www.mindat.org/min-40236.html,1
577,http://www.mindat.org/min-2571.html,1
578,http://www.mindat.org/min-2575.html,1
579,http://www.mindat.org/min-2593.html,1
580,http://www.mindat.org/min-2614.html,1
581,http://www.mindat.org/min-2627.html,1
582,http://www.mindat.org/min-2630.html,1
583,http://www.mindat.org/min-2638.html,1
584,http://www.mindat.org/min-2641.html,1
585,http://www.mindat.org/min-2656.html,1
586,http://www.mindat.org/min-2657.html,1
587,http://www.mindat.org/min-2662.html,1
588,http://www.mindat.org/min-2689.html,1
589,http://www.mindat.org/min-2702.html,1
590,http://www.mindat.org/min-2704.html,1
591,http://www.mindat.org/min-2705.html,1
592,http://www.mindat.org/min-2710.html,1
593,http://www.mindat.org/min-2711.html,1
594,http://www.mindat.org/min-2714.html,1
595,http://www.mindat.org/min-2746.html,1
596,http://www.mindat.org/min-2751.html,1
597,http://www.mindat.org/min-2763.html,1
598,http://www.mindat.org/min-2771.html,1
599,http://www.mindat.org/min-2783.html,1
600,http://www.mindat.org/min-2792.html,1
601,http://www.mindat.org/min-2827.html,1
602,http://www.mindat.org/min-2830.html,1
603,http://www.mindat.org/min-2880.html,1
604,http://www.mindat.org/min-2887.html,1
605,http://www.mindat.org/min-2897.html,1
606,http://www.mindat.org/min-2925.html,1
607,http://www.mindat.org/min-2935.html,1
608,http://www.mindat.org/min-2967.html,1
609,http://www.mindat.org/min-2976.html,1
610,http://www.mindat.org/min-2981.html,1
611,http://www.mindat.org/min-3004.html,1
612,http://www.mindat.org/min-3063.html,1
613,http://www.mindat.org/min-3086.html,1
614,http://www.mindat.org/min-3098.html,1
615,http://www.mindat.org/min-3118.html,1
616,http://www.mindat.org/min-3141.html,1
617,http://www.mindat.org/min-3166.html,1
619,http://www.mindat.org/min-3188.html,1
620,http://www.mindat.org/min-3192.html,1
621,http://www.mindat.org/min-3193.html,1
622,http://www.mindat.org/min-3195.html,1
623,http://www.mindat.org/min-3181.html,1
624,http://www.mindat.org/min-3232.html,1
625,http://www.mindat.org/min-3233.html,1
626,http://www.mindat.org/min-3236.html,1
627,http://www.mindat.org/min-3237.html,1
628,http://www.mindat.org/min-3256.html,1
629,http://www.mindat.org/min-3272.html,1
630,http://www.mindat.org/min-3275.html,1
631,http://www.mindat.org/min-3277.html,1
632,http://www.mindat.org/min-3294.html,1
633,http://www.mindat.org/min-3302.html,1
634,http://www.mindat.org/min-3299.html,1
635,http://www.mindat.org/min-3313.html,1
636,http://www.mindat.org/min-3330.html,1
637,http://www.mindat.org/min-3317.html,1
638,http://www.mindat.org/min-3318.html,1
639,http://www.mindat.org/min-3320.html,1
640,http://www.mindat.org/min-3321.html,1
641,http://www.mindat.org/min-3323.html,1
642,http://www.mindat.org/min-3324.html,1
643,http://en.wikipedia.org/wiki/Pyroxene,1
644,http://www.mindat.org/min-9767.html,1
645,http://www.mindat.org/min-3327.html,1
646,http://www.mindat.org/min-3407.html,1
648,http://www.mindat.org/min-3328.html,1
649,http://www.mindat.org/min-3359.html,1
650,http://www.mindat.org/min-3386.html,1
651,http://www.mindat.org/min-3406.html,1
652,http://www.mindat.org/min-3436.html,1
653,http://www.mindat.org/min-3441.html,1
654,http://www.mindat.org/min-3443.html,1
655,http://www.mindat.org/min-3448.html,1
656,http://www.mindat.org/min-3450.html,1
657,http://www.mindat.org/min-3486.html,1
658,http://www.mindat.org/min-3496.html,1
659,http://www.mindat.org/min-3500.html,1
660,http://www.mindat.org/min-3512.html,1
661,http://www.mindat.org/min-3531.html,1
662,http://www.mindat.org/min-3594.html,1
663,http://www.mindat.org/min-3560.html,1
664,http://www.mindat.org/min-3576.html,1
665,http://www.mindat.org/min-3578.html,1
666,http://www.mindat.org/min-3595.html,1
667,http://www.mindat.org/min-5527.html,1
668,http://www.mindat.org/min-3614.html,1
669,http://www.mindat.org/min-3616.html,1
670,http://www.mindat.org/min-3617.html,1
671,http://www.mindat.org/min-3618.html,1
672,http://www.mindat.org/min-3622.html,1
673,http://www.mindat.org/min-3634.html,1
674,http://www.mindat.org/min-3647.html,1
675,http://www.mindat.org/min-3655.html,1
676,http://www.mindat.org/min-3662.html,1
677,http://www.mindat.org/min-3670.html,1
678,http://www.mindat.org/min-3672.html,1
679,http://www.mindat.org/min-3682.html,1
680,http://www.mindat.org/min-3688.html,1
681,http://www.mindat.org/min-3701.html,1
682,http://www.mindat.org/min-3711.html,1
683,http://www.mindat.org/min-3723.html,1
684,http://www.mindat.org/min-3727.html,1
685,http://www.mindat.org/min-3729.html,1
687,http://www.mindat.org/min-3733.html,1
688,http://www.mindat.org/min-3734.html,1
689,http://www.mindat.org/min-3747.html,1
690,http://www.mindat.org/min-3753.html,1
691,http://www.mindat.org/min-3764.html,1
692,http://www.mindat.org/min-3775.html,1
693,http://www.mindat.org/min-3776.html,1
694,http://www.mindat.org/min-3739.html,1
695,http://www.mindat.org/min-3782.html,1
696,http://www.mindat.org/min-3784.html,1
697,http://www.mindat.org/min-3785.html,1
698,http://www.mindat.org/min-3793.html,1
699,http://www.mindat.org/min-3794.html,1
700,http://www.mindat.org/min-3801.html,1
701,http://www.mindat.org/min-3805.html,1
702,http://www.mindat.org/min-3810.html,1
703,http://www.mindat.org/min-3817.html,1
704,http://www.mindat.org/min-3822.html,1
705,http://www.mindat.org/min-3824.html,1
706,http://www.mindat.org/min-3834.html,1
707,http://www.mindat.org/min-3849.html,1
708,http://www.mindat.org/min-3850.html,1
709,http://www.mindat.org/min-3856.html,1
710,http://www.mindat.org/min-3857.html,1
711,http://www.mindat.org/min-27242.html,1
712,http://www.mindat.org/min-3887.html,1
713,http://www.mindat.org/min-3892.html,1
714,http://www.mindat.org/min-3906.html,1
715,http://www.mindat.org/min-3911.html,1
716,http://www.mindat.org/min-1437.html,1
717,http://www.mindat.org/min-3924.html,1
718,http://www.mindat.org/min-3935.html,1
719,http://www.mindat.org/min-3941.html,1
720,http://www.mindat.org/min-3944.html,1
721,http://www.mindat.org/min-3950.html,1
722,http://www.mindat.org/min-3967.html,1
723,http://www.mindat.org/min-3977.html,1
724,http://en.wikipedia.org/wiki/Tourmaline,1
725,http://www.mindat.org/min-4003.html,1
726,http://www.mindat.org/min-43439.html,1
727,http://www.mindat.org/min-4020.html,1
728,http://www.mindat.org/min-4040.html,1
729,http://www.mindat.org/min-4044.html,1
730,http://www.mindat.org/min-4050.html,1
731,http://www.mindat.org/min-4060.html,1
732,http://www.mindat.org/min-4070.html,1
733,http://www.galleries.com/minerals/carbonat/ulexite/ulexite.htm,1
734,http://www.mindat.org/min-4085.html,1
735,http://www.mindat.org/min-4086.html,1
736,http://www.mindat.org/min-4102.html,1
737,http://www.mindat.org/min-4125.html,1
738,http://www.mindat.org/min-4126.html,1
739,http://www.mindat.org/min-4135.html,1
740,http://www.mindat.org/min-4139.html,1
741,http://www.mindat.org/min-4156.html,1
742,http://www.mindat.org/min-4164.html,1
743,http://www.mindat.org/min-4223.html,1
744,http://www.mindat.org/min-4176.html,1
745,http://www.mindat.org/min-4194.html,1
746,http://www.mindat.org/min-4200.html,1
747,http://www.mindat.org/min-4242.html,2
749,http://www.mindat.org/min-4250.html,1
750,http://www.mindat.org/min-4266.html,1
751,http://www.mindat.org/min-4276.html,1
752,http://www.mindat.org/min-10308.html,1
753,http://www.mindat.org/min-4299.html%FFFFFF80%FFFFFF8E,1
754,http://www.mindat.org/min-4322.html,1
755,http://www.mindat.org/min-4318.html,1
756,http://www.mindat.org/min-4390.html,1
757,http://www.mindat.org/min-4410.html,1
758,http://www.mindat.org/min-4417.html,1
759,http://www.mindat.org/min-4421.html,1
760,http://www.mindat.org/min-4430.html,1
761,http://www.mindat.org/min-4433.html,1
762,http://en.wikipedia.org/wiki/Messenger_RNA,1
763,http://en.wikipedia.org/wiki/Transfer_RNA,1
809,http://es.wikipedia.org/wiki/Cesio-137,1
811,http://es.wikipedia.org/wiki/Estroncio,1
813,http://es.wikipedia.org/wiki/Yodo-131,1
824,http://es.wikipedia.org/wiki/PSR_B1257%252B12,1
832,http://es.wikipedia.org/wiki/Wolfgang_Ernst_Pauli,1
836,http://www.solstation.com/stars/61cygni2.htm,2
837,http://www.solstation.com/stars/st2398ab.htm,2
838,http://adsabs.harvard.edu/abs/1972ApJ...174L..87D,2
839,http://www.nasa.gov/,2
840,http://www.esa.int/Our_Activities/Space_Science/Planck/Planck_and_the_cosmic_microwave_background,1
842,http://mikeholt.com,2
843,http://www.mindat.org/min-859.html,1
844,http://www.candu.org/candu_reactors.html,2
845,http://www.nasa.gov/mission_pages/newhorizons/main/index.html,3
846,http://www.nasa.gov/mission_pages/newhorizons/images/index.html,2
847,http://mars.jpl.nasa.gov/allabout/nightsky/nightsky04.html,2
848,http://antwrp.gsfc.nasa.gov/apod/ap030510.html,2
849,http://www.spitzer.caltech.edu/Media/releases/ssc2006-01/ssc2006-01b.shtml,2
850,http://www.nasa.gov/mission_pages/spitzer/news/spitzer-20070212.html,2
851,http://www.eso.org/public/images/potw1242a/,1
852,http://www.pppl.gov/TFTRAchievements.cfm,2
853,http://www.pppl.gov/tokamakfusiontestreactor.cfm,2
854,http://aa.usno.navy.mil/hilton/asteroid_masses.htm,2
855,http://neo.jpl.nasa.gov/images/ida.html,2
856,https://en.wikipedia.org/wiki/Coma_Cluster,1
857,http://heritage.stsci.edu/2008/24/caption.html,1
858,http://www.dolby.com,4
860,http://eoimages.gsfc.nasa.gov/images/imagerecords/57000/57723/globe_west_2048.jpg,1
861,http://hubblesite.org/newscenter/newsdesk/archive/releases/2004/30/,2
862,http://www.nasa.gov/mission_pages/LRO/news/vid-tour.html,1
863,http://jordankirkness.tripod.com/dbstringtension.html,1
864,http://newt.phys.unsw.edu.au/jw/Bows.html,1
865,http://en.wikipedia.org/wiki/Cassini-Huygens,1
866,http://saturn.jpl.nasa.gov/mission/introduction/,1
867,http://saturn.jpl.nasa.gov/index.cfm,1
868,http://saturn.jpl.nasa.gov/,2
869,http://saturn.jpl.nasa.gov/science/moons/,4
871,http://en.wikipedia.org/wiki/Moons_of_Saturn,2
872,http://www.ipcc.ch/,6
876,http://www.realclimate.org/,2
877,http://en.wikipedia.org/wiki/Pyruvate,1
879,http://en.wikipedia.org/wiki/NADPH,1
880,http://dawn.jpl.nasa.gov/mission/,2
882,http://dawn.jpl.nasa.gov/mission/journal_12_06.asp%23ips,1
883,http://www.nasa.gov/centers/jpl/news/dawn20110718.html,1
884,http://www.solstation.com/stars/vesta.htm,2
886,http://www.nasa.gov/mission_pages/dawn/main/index.html,1
887,http://dawnblog.jpl.nasa.gov/2015/05/28/dawn-journal-may-28-2015/,1
888,https://www.nasa.gov/jpl/dawn/ceres-spots-continue-to-mystify-in-latest-dawn-images,1
890,http://www.nasa.gov/mission_pages/newhorizons/launch/index.html,1
891,http://www.holography.ru/techeng.htm,2
892,http://www.aavso.org/+,2
893,http://www.aavso.org/vstar/vsots/0900.shtml,2
894,http://en.wikipedia.org/wiki/FAD,1
895,http://www.shure.com/ProAudio/Products/us_pro_ea_impedance,2
896,http://www.spacetelescope.org/images/heic0704a/,1
897,http://www.naic.edu/,2
898,http://www.vla.nrao.edu/,1
899,http://antwrp.gsfc.nasa.gov/apod/ap050618.html,2
900,http://antwrp.gsfc.nasa.gov/apod/ap980922.html,2
901,http://www.seds.org/messier/m/m061.html,2
903,http://hubblesite.org/newscenter/archive/releases/2004/07/text/,2
904,http://www.nasa.gov/vision/universe/starsgalaxies/hubble_UDF.html,2
905,http://www.spacetelescope.org/science/deep_fields.html,2
906,http://www.hubblesite.org/newscenter/archive/releases/2004/20/,2
907,http://www.spacetelescope.org/news/html/heic0918.html,2
908,http://www.nasa.gov/mission_pages/hubble/science/xdf.html,1
909,http://solarscience.msfc.nasa.gov/SunspotCycle.shtml,2
911,http://www.spitzer.caltech.edu/Media/releases/ssc2006-19/release.shtml,2
912,http://www.seds.org/%7Espider/Spider/Vars/casA.html%0D,2
913,http://www.spitzer.caltech.edu/Media/releases/ssc2005-14/release.shtml%0D,2
914,http://www.spacetelescope.org/images/heic0602a/,1
915,http://hubblesite.org/newscenter/archive/releases/2006/10/image/a/,1
916,http://geology.tufts.edu/varves/Geology/deglaciation.asp,1
919,http://www.slideshare.net/PDiCEOThaneHeins3240/georgia-state-university-hyperphysics-how-newtonian-mechanics-is-incorrectly-being-applied-to-explain-the-laws-of-electricity-and-magnetism,1
920,http://i.imgur.com/ifAMi.jpg,1
921,http://en.wikipedia.org/wiki/Solvay_Conference,1
922,http://funphysics.jpl.nasa.gov/technical/grp/grav-probea.html,1
923,http://en.wikipedia.org/wiki/Gravity_Probe_A,1
924,http://science.nasa.gov/missions/gravity-probe-b/,1
925,http://en.wikipedia.org/wiki/Gravity_Probe_B,1
926,http://en.wikipedia.org/wiki/Iron-sulfur_protein,1
927,http://en.wikipedia.org/wiki/Plastoquinone,1
928,http://en.wikipedia.org/wiki/Lipid,1
929,http://en.wikipedia.org/wiki/Stearic_acid,1
930,http://en.wikipedia.org/wiki/Linoleic_acid,1
931,http://en.wikipedia.org/wiki/Shiva_laser,1
932,http://www.nasa.gov/mission_pages/stereo/main/index.html,1
933,http://en.wikipedia.org/wiki/Acetone,1
934,http://en.wikipedia.org/wiki/Butanone,1
935,http://en.wikipedia.org/wiki/Functional_group,1
936,http://en.wikipedia.org/wiki/Hydroxyl,1
937,http://en.wikipedia.org/wiki/Carbonyl,1
938,http://en.wikipedia.org/wiki/Carboxyl_group,1
939,https://en.wikipedia.org/wiki/Lagrangian_point,1
940,http://map.gsfc.nasa.gov/mission/observatory_l2.html,1
941,http://epsc.wustl.edu/haskin-group/Raman/overview.htm,1
942,http://www.herkimerdiamond.com/home.html,1
943,http://minerals.usgs.gov,1
944,http://en.wikipedia.org/wiki/Photorespiration,1
945,http://en.wikipedia.org/wiki/RuBisCO,1
946,http://en.wikipedia.org/wiki/Ribulose_1%2C5-bisphosphate,1
947,http://en.wikipedia.org/wiki/Glycerate_3-phosphate,1
948,http://en.wikipedia.org/wiki/Glyceraldehyde_3-phosphate,1
949,http://www.wilk4.com/misc/soundbreak.htm,1
951,http://www.ncbi.nlm.nih.gov/books/NBK10848/,1
952,https://www.siggraph.org/education/materials/HyperGraph/color/coloreff.htm,1
953,http://www.cis.rit.edu/people/faculty/montag/vandplite/pages/chap_9/ch9p1.html,1
954,http://www.nasm.si.edu/collections/imagery/Apollo/apollo.htm,7
955,http://en.wikipedia.org/wiki/Apollo_program,1
956,http://history.nasa.gov/apollo.html,1
957,http://www.nasm.si.edu/collections/imagery/Apollo/landsites.htm,1
960,http://www.nasm.si.edu/collections/imagery/Apollo/AS11/a11.htm,1
962,http://www.nasm.si.edu/collections/imagery/Apollo/AS12/a12.htm,1
964,http://www.nasm.si.edu/collections/imagery/Apollo/AS13/a13.htm,1
966,http://www.nasm.si.edu/collections/imagery/Apollo/spacecraft.htm,1
968,http://www.nasm.si.edu/collections/imagery/Apollo/AS17/a17.htm,1
974,http://en.wikipedia.org/wiki/Sudbury_Basin,1
976,http://en.wikipedia.org/wiki/Central_dogma_of_molecular_biology,3
997,http://es.wikipedia.org/wiki/Acetilcolina,1
1032,http://es.wikipedia.org/wiki/Calcita,1
1046,http://es.wikipedia.org/wiki/Dunita,1
1050,http://es.wikipedia.org/wiki/%25C3%2581cido_pir%25C3%25BAvico,1
1051,http://es.wikipedia.org/wiki/Nicotinamida_adenina_dinucle%25C3%25B3tido,1
1052,http://es.wikipedia.org/wiki/Nicotinamida_adenina_dinucle%25C3%25B3tido_fosfato,1
1053,http://es.wikipedia.org/wiki/Flav%25C3%25ADn_aden%25C3%25ADn_dinucle%25C3%25B3tido,1
1054,http://es.wikipedia.org/wiki/Fosforilaci%25C3%25B3n_oxidativa,2
